{
    "RD53B": {
        "GlobalConfig": {
            "AuroraActiveLanes": 1,
            "CdrClkSel": 0,
            "CmlBias0": 800,
            "CmlBias1": 400,
            "CmlBias2": 0,
            "DataMergeOutMux0": 0,
            "DataMergeOutMux1": 1,
            "DataMergeOutMux2": 2,
            "DataMergeOutMux3": 3,
            "DiffLcc": 200,
            "DiffLccEn": 1,
            "DiffPreComp": 350,
            "DiffPreampL": 550,
            "DiffPreampM": 550,
            "DiffPreampR": 550,
            "DiffPreampT": 550,
            "DiffPreampTL": 550,
            "DiffPreampTR": 550,
            "DiffVff": 60,
            "EnCoreCol0": 65535,
            "EnCoreCol1": 65535,
            "EnCoreCol2": 65535,
            "EnCoreCol3": 63,
            "MonitorEnable": 1,
            "MonitorI": 63,
            "MonitorV": 32,
            "SerEnLane": 1,
            "SerEnTap": 1,
            "SerInvTap": 1,
            "ServiceBlockEn": 1,
            "ServiceBlockPeriod": 50,
            "SldoTrimA": 7,
            "SldoTrimD": 6
        },
        "Parameter": {
            "ADCcalPar": [
                9.826,
                0.187,
                10000.0
            ],
            "ChipId": 15,
            "InjCap": 7.701999999999999,
            "IrefTrim": 15,
            "KSenseInA": 21095.126,
            "KSenseInD": 21429.394,
            "KSenseShuntA": 26117.77504761905,
            "KSenseShuntD": 26531.630666666668,
            "KShuntA": 1038.128,
            "KShuntD": 1045.776,
            "Name": "0x1835b",
            "NfACB": 1.2801914749119243,
            "NfASLDO": 1.2868503189847347,
            "NfDSLDO": 1.2832769306784204,
            "VcalPar": [
                2.57,
                0.202
            ]
        }
    }
}